state,county,year,days_with_aqi,good_days,moderate_days,usg_days,unhealthy_days,very_unhealthy_days,hazardous_days,max_aqi,aqi_90th_percentile,median_aqi,days_co_main_pollutant,days_no2_main_pollutant,days_ozone_main_pollutant,days_pm25_main_pollutant,days_pm10_main_pollutant,bad_aqi_days,bad_aqi_day_pct,pct_days_co_main_pollutant,pct_days_no2_main_pollutant,pct_days_ozone_main_pollutant,pct_days_pm25_main_pollutant,pct_days_pm10_main_pollutant,geo_id,acs_name,population_25_plus,pct_high_school_or_higher,pct_bachelors_or_higher,population_16_plus,unemployment_rate,median_household_income,mean_household_income,per_capita_income,poverty_rate_all_people,pct_no_health_insurance,income_quartile,lower_income_group
California,Alameda,2020,366,169,177,8,11,1,0,243,81,52,0,6,87,273,0,20,5.46448087431694,0.0,1.639344262295082,23.770491803278688,74.59016393442623,0.0,0500000US06001,"Alameda County, California",1192437,88.8,52.2,1361968,5.4,129367,177144,65862,9.2,4.0,Q4 highest income,False
California,Alameda,2021,365,155,200,9,1,0,0,151,71,53,0,3,99,263,0,10,2.73972602739726,0.0,0.821917808219178,27.123287671232877,72.05479452054794,0.0,0500000US06001,"Alameda County, California",1192437,88.8,52.2,1361968,5.4,129367,177144,65862,9.2,4.0,Q4 highest income,False
California,Alameda,2022,365,185,175,5,0,0,0,122,70,49,0,2,108,255,0,5,1.36986301369863,0.0,0.547945205479452,29.589041095890412,69.86301369863014,0.0,0500000US06001,"Alameda County, California",1192437,88.8,52.2,1361968,5.4,129367,177144,65862,9.2,4.0,Q4 highest income,False
California,Alameda,2023,365,197,155,13,0,0,0,130,70,48,1,16,129,219,0,13,3.5616438356164384,0.273972602739726,4.383561643835616,35.342465753424655,60.0,0.0,0500000US06001,"Alameda County, California",1192437,88.8,52.2,1361968,5.4,129367,177144,65862,9.2,4.0,Q4 highest income,False
California,Alameda,2024,366,194,171,1,0,0,0,105,63,49,0,0,14,352,0,1,0.273224043715847,0.0,0.0,3.825136612021858,96.17486338797814,0.0,0500000US06001,"Alameda County, California",1192437,88.8,52.2,1361968,5.4,129367,177144,65862,9.2,4.0,Q4 highest income,False
California,Amador,2020,359,327,29,2,1,0,0,156,50,37,0,0,359,0,0,3,0.8356545961002786,0.0,0.0,100.0,0.0,0.0,0500000US06005,"Amador County, California",32875,90.7,22.4,35760,5.4,88044,110400,44320,8.2,4.9,Q3,False
California,Amador,2021,365,307,54,4,0,0,0,133,67,37,0,0,365,0,0,4,1.095890410958904,0.0,0.0,100.0,0.0,0.0,0500000US06005,"Amador County, California",32875,90.7,22.4,35760,5.4,88044,110400,44320,8.2,4.9,Q3,False
California,Amador,2022,364,333,30,1,0,0,0,112,50,36,0,0,364,0,0,1,0.27472527472527475,0.0,0.0,100.0,0.0,0.0,0500000US06005,"Amador County, California",32875,90.7,22.4,35760,5.4,88044,110400,44320,8.2,4.9,Q3,False
California,Amador,2023,360,341,19,0,0,0,0,80,48,36,0,0,360,0,0,0,0.0,0.0,0.0,100.0,0.0,0.0,0500000US06005,"Amador County, California",32875,90.7,22.4,35760,5.4,88044,110400,44320,8.2,4.9,Q3,False
California,Amador,2024,359,281,72,6,0,0,0,143,74,40,0,0,359,0,0,6,1.6713091922005572,0.0,0.0,100.0,0.0,0.0,0500000US06005,"Amador County, California",32875,90.7,22.4,35760,5.4,88044,110400,44320,8.2,4.9,Q3,False
California,Butte,2020,366,149,178,18,16,3,2,508,110,54,0,0,159,204,3,39,10.655737704918032,0.0,0.0,43.44262295081967,55.73770491803278,0.819672131147541,0500000US06007,"Butte County, California",135188,90.6,31.9,170504,7.5,67928,95414,38305,19.2,6.4,Q1 lowest income,True
California,Butte,2021,365,160,174,18,10,3,0,257,90,53,0,0,177,185,3,31,8.493150684931507,0.0,0.0,48.49315068493151,50.68493150684932,0.821917808219178,0500000US06007,"Butte County, California",135188,90.6,31.9,170504,7.5,67928,95414,38305,19.2,6.4,Q1 lowest income,True
California,Butte,2022,365,191,171,3,0,0,0,119,77,50,0,0,239,126,0,3,0.821917808219178,0.0,0.0,65.47945205479452,34.52054794520548,0.0,0500000US06007,"Butte County, California",135188,90.6,31.9,170504,7.5,67928,95414,38305,19.2,6.4,Q1 lowest income,True
California,Butte,2023,365,191,174,0,0,0,0,100,71,50,0,0,202,158,5,0,0.0,0.0,0.0,55.342465753424655,43.28767123287671,1.36986301369863,0500000US06007,"Butte County, California",135188,90.6,31.9,170504,7.5,67928,95414,38305,19.2,6.4,Q1 lowest income,True
California,Butte,2024,366,231,133,0,1,1,0,213,71,46,0,0,243,115,8,2,0.546448087431694,0.0,0.0,66.39344262295081,31.420765027322407,2.185792349726776,0500000US06007,"Butte County, California",135188,90.6,31.9,170504,7.5,67928,95414,38305,19.2,6.4,Q1 lowest income,True
California,Calaveras,2020,364,206,135,10,12,1,0,210,79,48,0,0,182,177,5,23,6.318681318681318,0.0,0.0,50.0,48.62637362637363,1.3736263736263736,0500000US06009,"Calaveras County, California",35917,92.4,23.9,39565,4.5,78647,107069,43512,13.0,5.0,Q2,True
California,Calaveras,2021,364,220,135,6,3,0,0,178,77,46,0,0,216,148,0,9,2.4725274725274726,0.0,0.0,59.34065934065934,40.65934065934066,0.0,0500000US06009,"Calaveras County, California",35917,92.4,23.9,39565,4.5,78647,107069,43512,13.0,5.0,Q2,True
California,Calaveras,2022,364,286,77,1,0,0,0,115,58,41,0,0,237,126,1,1,0.27472527472527475,0.0,0.0,65.10989010989012,34.61538461538461,0.27472527472527475,0500000US06009,"Calaveras County, California",35917,92.4,23.9,39565,4.5,78647,107069,43512,13.0,5.0,Q2,True
California,Calaveras,2023,365,292,72,1,0,0,0,101,56,40,0,0,277,87,1,1,0.273972602739726,0.0,0.0,75.89041095890411,23.835616438356162,0.273972602739726,0500000US06009,"Calaveras County, California",35917,92.4,23.9,39565,4.5,78647,107069,43512,13.0,5.0,Q2,True
California,Calaveras,2024,359,261,90,8,0,0,0,129,74,42,0,0,273,86,0,8,2.2284122562674096,0.0,0.0,76.04456824512535,23.955431754874652,0.0,0500000US06009,"Calaveras County, California",35917,92.4,23.9,39565,4.5,78647,107069,43512,13.0,5.0,Q2,True
California,Colusa,2020,366,218,116,9,22,1,0,221,87,42,0,0,148,190,28,32,8.743169398907105,0.0,0.0,40.43715846994536,51.91256830601093,7.650273224043716,0500000US06011,"Colusa County, California",14077,74.2,16.4,16745,9.8,75672,95368,33882,11.4,8.0,Q2,True
California,Colusa,2021,365,111,238,9,6,1,0,225,76,55,0,0,60,291,14,16,4.383561643835616,0.0,0.0,16.43835616438356,79.72602739726027,3.8356164383561646,0500000US06011,"Colusa County, California",14077,74.2,16.4,16745,9.8,75672,95368,33882,11.4,8.0,Q2,True
California,Colusa,2022,363,240,122,1,0,0,0,105,59,44,0,0,185,171,7,1,0.27548209366391185,0.0,0.0,50.964187327823694,47.107438016528924,1.9283746556473829,0500000US06011,"Colusa County, California",14077,74.2,16.4,16745,9.8,75672,95368,33882,11.4,8.0,Q2,True
California,Colusa,2023,365,115,250,0,0,0,0,98,66,55,0,0,97,268,0,0,0.0,0.0,0.0,26.575342465753426,73.42465753424658,0.0,0500000US06011,"Colusa County, California",14077,74.2,16.4,16745,9.8,75672,95368,33882,11.4,8.0,Q2,True
California,Colusa,2024,366,68,298,0,0,0,0,90,63,54,0,0,31,331,4,0,0.0,0.0,0.0,8.469945355191257,90.43715846994536,1.092896174863388,0500000US06011,"Colusa County, California",14077,74.2,16.4,16745,9.8,75672,95368,33882,11.4,8.0,Q2,True
California,Contra Costa,2020,366,192,156,7,10,1,0,221,75,49,0,2,107,257,0,18,4.918032786885246,0.0,0.546448087431694,29.23497267759563,70.21857923497268,0.0,0500000US06013,"Contra Costa County, California",816152,89.6,45.2,941806,6.5,127229,174872,62927,8.4,4.6,Q4 highest income,False
California,Contra Costa,2021,365,195,165,5,0,0,0,150,69,47,0,0,139,226,0,5,1.36986301369863,0.0,0.0,38.082191780821915,61.917808219178085,0.0,0500000US06013,"Contra Costa County, California",816152,89.6,45.2,941806,6.5,127229,174872,62927,8.4,4.6,Q4 highest income,False
California,Contra Costa,2022,365,175,188,2,0,0,0,129,67,51,0,0,102,263,0,2,0.547945205479452,0.0,0.0,27.945205479452056,72.05479452054794,0.0,0500000US06013,"Contra Costa County, California",816152,89.6,45.2,941806,6.5,127229,174872,62927,8.4,4.6,Q4 highest income,False
California,Contra Costa,2023,365,173,190,2,0,0,0,110,64,51,0,1,94,270,0,2,0.547945205479452,0.0,0.273972602739726,25.753424657534246,73.97260273972603,0.0,0500000US06013,"Contra Costa County, California",816152,89.6,45.2,941806,6.5,127229,174872,62927,8.4,4.6,Q4 highest income,False
California,Contra Costa,2024,361,193,168,0,0,0,0,94,63,48,0,0,13,348,0,0,0.0,0.0,0.0,3.6011080332409975,96.39889196675901,0.0,0500000US06013,"Contra Costa County, California",816152,89.6,45.2,941806,6.5,127229,174872,62927,8.4,4.6,Q4 highest income,False
California,Del Norte,2020,292,193,90,4,3,2,0,245,61,42,0,0,0,292,0,9,3.0821917808219177,0.0,0.0,0.0,100.0,0.0,0500000US06015,"Del Norte County, California",19816,85.9,21.4,22236,6.4,67058,85665,31028,12.9,5.5,Q1 lowest income,True
California,Del Norte,2021,323,259,64,0,0,0,0,72,54,31,0,0,0,323,0,0,0.0,0.0,0.0,0.0,100.0,0.0,0500000US06015,"Del Norte County, California",19816,85.9,21.4,22236,6.4,67058,85665,31028,12.9,5.5,Q1 lowest income,True
California,Del Norte,2022,344,299,45,0,0,0,0,74,52,29,0,0,0,344,0,0,0.0,0.0,0.0,0.0,100.0,0.0,0500000US06015,"Del Norte County, California",19816,85.9,21.4,22236,6.4,67058,85665,31028,12.9,5.5,Q1 lowest income,True
California,Del Norte,2023,328,268,52,6,2,0,0,187,55,32,0,0,0,328,0,8,2.4390243902439024,0.0,0.0,0.0,100.0,0.0,0500000US06015,"Del Norte County, California",19816,85.9,21.4,22236,6.4,67058,85665,31028,12.9,5.5,Q1 lowest income,True
California,Del Norte,2024,289,232,55,2,0,0,0,125,54,32,0,0,0,289,0,2,0.6920415224913495,0.0,0.0,0.0,100.0,0.0,0500000US06015,"Del Norte County, California",19816,85.9,21.4,22236,6.4,67058,85665,31028,12.9,5.5,Q1 lowest income,True
California,El Dorado,2020,366,256,87,17,6,0,0,190,90,43,0,0,346,13,7,23,6.284153005464481,0.0,0.0,94.53551912568307,3.551912568306011,1.912568306010929,0500000US06017,"El Dorado County, California",142436,95.2,40.0,159979,4.5,108845,150262,59958,8.0,3.9,Q4 highest income,False
California,El Dorado,2021,365,247,96,16,4,1,1,375,93,43,0,0,349,9,7,22,6.027397260273973,0.0,0.0,95.61643835616438,2.4657534246575343,1.9178082191780823,0500000US06017,"El Dorado County, California",142436,95.2,40.0,159979,4.5,108845,150262,59958,8.0,3.9,Q4 highest income,False
California,El Dorado,2022,365,258,93,12,2,0,0,186,77,43,0,0,353,8,4,14,3.8356164383561646,0.0,0.0,96.7123287671233,2.191780821917808,1.095890410958904,0500000US06017,"El Dorado County, California",142436,95.2,40.0,159979,4.5,108845,150262,59958,8.0,3.9,Q4 highest income,False
California,El Dorado,2023,365,259,101,5,0,0,0,119,77,44,0,0,349,11,5,5,1.36986301369863,0.0,0.0,95.61643835616438,3.0136986301369864,1.36986301369863,0500000US06017,"El Dorado County, California",142436,95.2,40.0,159979,4.5,108845,150262,59958,8.0,3.9,Q4 highest income,False
California,El Dorado,2024,366,261,97,8,0,0,0,115,80,44,0,0,356,5,5,8,2.185792349726776,0.0,0.0,97.26775956284153,1.366120218579235,1.366120218579235,0500000US06017,"El Dorado County, California",142436,95.2,40.0,159979,4.5,108845,150262,59958,8.0,3.9,Q4 highest income,False
California,Fresno,2020,366,75,192,59,31,8,1,346,154,76,0,0,149,204,13,99,27.049180327868854,0.0,0.0,40.7103825136612,55.73770491803278,3.551912568306011,0500000US06019,"Fresno County, California",636203,79.1,24.3,768405,8.7,74201,100639,32963,18.3,6.7,Q2,True
California,Fresno,2021,365,62,221,63,17,2,0,278,130,68,0,0,146,209,10,82,22.465753424657535,0.0,0.0,40.0,57.26027397260274,2.73972602739726,0500000US06019,"Fresno County, California",636203,79.1,24.3,768405,8.7,74201,100639,32963,18.3,6.7,Q2,True
California,Fresno,2022,365,78,217,67,3,0,0,159,115,71,0,0,192,160,13,70,19.17808219178082,0.0,0.0,52.602739726027394,43.83561643835616,3.5616438356164384,0500000US06019,"Fresno County, California",636203,79.1,24.3,768405,8.7,74201,100639,32963,18.3,6.7,Q2,True
California,Fresno,2023,365,97,210,55,3,0,0,156,112,64,0,0,208,147,10,58,15.890410958904111,0.0,0.0,56.986301369863014,40.273972602739725,2.73972602739726,0500000US06019,"Fresno County, California",636203,79.1,24.3,768405,8.7,74201,100639,32963,18.3,6.7,Q2,True
California,Fresno,2024,366,71,216,65,14,0,0,169,126,67,0,0,196,155,15,79,21.584699453551913,0.0,0.0,53.551912568306015,42.349726775956285,4.098360655737705,0500000US06019,"Fresno County, California",636203,79.1,24.3,768405,8.7,74201,100639,32963,18.3,6.7,Q2,True
California,Glenn,2020,364,200,135,7,19,3,0,221,84,46,0,0,151,202,11,29,7.967032967032966,0.0,0.0,41.48351648351649,55.494505494505496,3.021978021978022,0500000US06021,"Glenn County, California",18378,78.2,15.1,21817,8.0,67139,84971,30361,16.0,8.5,Q1 lowest income,True
California,Glenn,2021,365,244,106,9,6,0,0,192,65,42,0,0,183,172,10,15,4.10958904109589,0.0,0.0,50.136986301369866,47.12328767123288,2.73972602739726,0500000US06021,"Glenn County, California",18378,78.2,15.1,21817,8.0,67139,84971,30361,16.0,8.5,Q1 lowest income,True
California,Glenn,2022,360,264,95,1,0,0,0,104,61,42,0,0,255,98,7,1,0.2777777777777778,0.0,0.0,70.83333333333334,27.22222222222222,1.9444444444444444,0500000US06021,"Glenn County, California",18378,78.2,15.1,21817,8.0,67139,84971,30361,16.0,8.5,Q1 lowest income,True
California,Glenn,2023,363,273,90,0,0,0,0,97,58,41,0,0,228,133,2,0,0.0,0.0,0.0,62.8099173553719,36.63911845730027,0.5509641873278237,0500000US06021,"Glenn County, California",18378,78.2,15.1,21817,8.0,67139,84971,30361,16.0,8.5,Q1 lowest income,True
California,Glenn,2024,366,292,74,0,0,0,0,80,54,39,0,0,237,124,5,0,0.0,0.0,0.0,64.75409836065575,33.87978142076503,1.366120218579235,0500000US06021,"Glenn County, California",18378,78.2,15.1,21817,8.0,67139,84971,30361,16.0,8.5,Q1 lowest income,True
California,Humboldt,2020,366,318,44,3,1,0,0,180,53,29,0,0,225,81,60,4,1.092896174863388,0.0,0.0,61.47540983606557,22.131147540983605,16.39344262295082,0500000US06023,"Humboldt County, California",93031,91.9,33.1,112461,9.0,61160,86064,36080,18.7,4.9,Q1 lowest income,True
California,Humboldt,2021,365,333,32,0,0,0,0,64,48,29,12,0,219,78,56,0,0.0,3.287671232876712,0.0,60.0,21.36986301369863,15.342465753424658,0500000US06023,"Humboldt County, California",93031,91.9,33.1,112461,9.0,61160,86064,36080,18.7,4.9,Q1 lowest income,True
California,Humboldt,2022,365,340,25,0,0,0,0,74,42,24,1,0,217,84,63,0,0.0,0.273972602739726,0.0,59.45205479452055,23.013698630136986,17.26027397260274,0500000US06023,"Humboldt County, California",93031,91.9,33.1,112461,9.0,61160,86064,36080,18.7,4.9,Q1 lowest income,True
California,Humboldt,2023,365,284,70,6,1,4,0,299,60,32,0,0,190,153,22,11,3.0136986301369864,0.0,0.0,52.054794520547944,41.917808219178085,6.027397260273973,0500000US06023,"Humboldt County, California",93031,91.9,33.1,112461,9.0,61160,86064,36080,18.7,4.9,Q1 lowest income,True
California,Humboldt,2024,366,266,100,0,0,0,0,86,58,38,0,0,150,199,17,0,0.0,0.0,0.0,40.98360655737705,54.37158469945356,4.644808743169399,0500000US06023,"Humboldt County, California",93031,91.9,33.1,112461,9.0,61160,86064,36080,18.7,4.9,Q1 lowest income,True
California,Imperial,2020,366,94,244,26,2,0,0,166,97,60,0,1,153,146,66,28,7.650273224043716,0.0,0.273224043715847,41.80327868852459,39.89071038251366,18.0327868852459,0500000US06025,"Imperial County, California",111419,71.5,16.1,134835,12.5,57681,79363,23552,19.5,6.0,Q1 lowest income,True
California,Imperial,2021,365,84,252,22,4,1,2,436,97,60,0,0,134,126,105,29,7.9452054794520555,0.0,0.0,36.71232876712329,34.52054794520548,28.767123287671232,0500000US06025,"Imperial County, California",111419,71.5,16.1,134835,12.5,57681,79363,23552,19.5,6.0,Q1 lowest income,True
California,Imperial,2022,365,86,232,34,5,2,6,791,106,61,0,2,131,131,101,47,12.876712328767123,0.0,0.547945205479452,35.89041095890411,35.89041095890411,27.671232876712327,0500000US06025,"Imperial County, California",111419,71.5,16.1,134835,12.5,57681,79363,23552,19.5,6.0,Q1 lowest income,True
California,Imperial,2023,365,104,214,37,3,3,4,506,105,61,0,1,171,98,95,47,12.876712328767123,0.0,0.273972602739726,46.849315068493155,26.84931506849315,26.027397260273972,0500000US06025,"Imperial County, California",111419,71.5,16.1,134835,12.5,57681,79363,23552,19.5,6.0,Q1 lowest income,True
California,Imperial,2024,366,83,233,42,5,2,1,341,107,63,0,1,194,98,73,50,13.661202185792352,0.0,0.273224043715847,53.00546448087432,26.775956284153008,19.94535519125683,0500000US06025,"Imperial County, California",111419,71.5,16.1,134835,12.5,57681,79363,23552,19.5,6.0,Q1 lowest income,True
California,Inyo,2020,366,158,153,23,16,8,8,705,130,57,0,0,218,128,20,55,15.027322404371585,0.0,0.0,59.56284153005464,34.97267759562842,5.46448087431694,0500000US06027,"Inyo County, California",13770,93.0,31.5,15269,2.5,73991,94111,41767,10.9,7.0,Q2,True
California,Inyo,2021,365,100,223,24,12,3,3,558,115,61,0,0,152,185,28,42,11.506849315068493,0.0,0.0,41.64383561643836,50.68493150684932,7.671232876712329,0500000US06027,"Inyo County, California",13770,93.0,31.5,15269,2.5,73991,94111,41767,10.9,7.0,Q2,True
California,Inyo,2022,365,117,217,18,4,4,5,1551,97,58,0,0,188,130,47,31,8.493150684931507,0.0,0.0,51.50684931506849,35.61643835616438,12.876712328767123,0500000US06027,"Inyo County, California",13770,93.0,31.5,15269,2.5,73991,94111,41767,10.9,7.0,Q2,True
California,Inyo,2023,365,106,236,13,3,1,6,786,90,61,0,0,202,123,40,23,6.301369863013699,0.0,0.0,55.342465753424655,33.6986301369863,10.95890410958904,0500000US06027,"Inyo County, California",13770,93.0,31.5,15269,2.5,73991,94111,41767,10.9,7.0,Q2,True
California,Inyo,2024,366,90,246,17,7,2,4,1322,93,61,0,0,188,130,48,30,8.19672131147541,0.0,0.0,51.36612021857923,35.51912568306011,13.114754098360656,0500000US06027,"Inyo County, California",13770,93.0,31.5,15269,2.5,73991,94111,41767,10.9,7.0,Q2,True
California,Kern,2020,366,56,180,98,28,4,0,267,140,83,0,0,184,166,16,130,35.51912568306011,0.0,0.0,50.27322404371585,45.3551912568306,4.371584699453552,0500000US06029,"Kern County, California",563569,77.0,18.8,684840,8.6,70210,93147,29699,19.1,7.8,Q2,True
California,Kern,2021,365,35,202,97,29,1,1,314,147,84,0,0,151,199,15,128,35.06849315068493,0.0,0.0,41.369863013698634,54.52054794520548,4.10958904109589,0500000US06029,"Kern County, California",563569,77.0,18.8,684840,8.6,70210,93147,29699,19.1,7.8,Q2,True
California,Kern,2022,365,47,196,109,12,1,0,289,136,80,0,0,189,153,23,122,33.42465753424658,0.0,0.0,51.78082191780822,41.917808219178085,6.301369863013699,0500000US06029,"Kern County, California",563569,77.0,18.8,684840,8.6,70210,93147,29699,19.1,7.8,Q2,True
California,Kern,2023,365,85,210,58,12,0,0,174,122,69,0,1,217,135,12,70,19.17808219178082,0.0,0.273972602739726,59.45205479452055,36.986301369863014,3.287671232876712,0500000US06029,"Kern County, California",563569,77.0,18.8,684840,8.6,70210,93147,29699,19.1,7.8,Q2,True
California,Kern,2024,366,76,196,73,21,0,0,177,140,72,0,0,225,122,19,94,25.683060109289617,0.0,0.0,61.47540983606557,33.33333333333333,5.191256830601093,0500000US06029,"Kern County, California",563569,77.0,18.8,684840,8.6,70210,93147,29699,19.1,7.8,Q2,True
California,Kings,2020,366,76,220,54,13,2,1,548,124,70,0,0,118,199,49,70,19.12568306010929,0.0,0.0,32.240437158469945,54.37158469945356,13.387978142076504,0500000US06031,"Kings County, California",96271,75.8,13.6,117102,10.8,70995,89359,27306,16.0,7.3,Q2,True
California,Kings,2021,365,84,230,40,10,0,1,685,109,64,0,0,119,168,78,51,13.972602739726028,0.0,0.0,32.602739726027394,46.02739726027397,21.36986301369863,0500000US06031,"Kings County, California",96271,75.8,13.6,117102,10.8,70995,89359,27306,16.0,7.3,Q2,True
California,Kings,2022,365,71,244,48,2,0,0,187,108,69,0,0,163,149,53,50,13.698630136986301,0.0,0.0,44.657534246575345,40.821917808219176,14.520547945205479,0500000US06031,"Kings County, California",96271,75.8,13.6,117102,10.8,70995,89359,27306,16.0,7.3,Q2,True
California,Kings,2023,365,124,213,28,0,0,0,148,95,58,0,0,154,165,46,28,7.671232876712329,0.0,0.0,42.19178082191781,45.20547945205479,12.602739726027398,0500000US06031,"Kings County, California",96271,75.8,13.6,117102,10.8,70995,89359,27306,16.0,7.3,Q2,True
California,Kings,2024,366,100,231,33,2,0,0,156,100,60,0,0,165,146,55,35,9.562841530054644,0.0,0.0,45.08196721311475,39.89071038251366,15.027322404371585,0500000US06031,"Kings County, California",96271,75.8,13.6,117102,10.8,70995,89359,27306,16.0,7.3,Q2,True
California,Lake,2020,351,341,6,1,3,0,0,190,44,32,0,0,324,25,2,4,1.1396011396011396,0.0,0.0,92.3076923076923,7.122507122507122,0.5698005698005698,0500000US06033,"Lake County, California",48884,87.6,17.8,54779,11.1,60621,86306,35372,17.0,6.9,Q1 lowest income,True
California,Lake,2021,356,348,7,0,1,0,0,157,43,33,0,0,335,19,2,1,0.2808988764044944,0.0,0.0,94.10112359550563,5.337078651685393,0.5617977528089888,0500000US06033,"Lake County, California",48884,87.6,17.8,54779,11.1,60621,86306,35372,17.0,6.9,Q1 lowest income,True
California,Lake,2022,363,359,4,0,0,0,0,76,43,32,0,0,350,13,0,0,0.0,0.0,0.0,96.41873278236915,3.581267217630854,0.0,0500000US06033,"Lake County, California",48884,87.6,17.8,54779,11.1,60621,86306,35372,17.0,6.9,Q1 lowest income,True
California,Lake,2023,363,357,6,0,0,0,0,67,39,32,0,0,353,10,0,0,0.0,0.0,0.0,97.2451790633609,2.7548209366391188,0.0,0500000US06033,"Lake County, California",48884,87.6,17.8,54779,11.1,60621,86306,35372,17.0,6.9,Q1 lowest income,True
California,Lake,2024,363,361,2,0,0,0,0,67,41,32,0,0,357,6,0,0,0.0,0.0,0.0,98.34710743801654,1.6528925619834711,0.0,0500000US06033,"Lake County, California",48884,87.6,17.8,54779,11.1,60621,86306,35372,17.0,6.9,Q1 lowest income,True
California,Los Angeles,2020,366,35,194,77,43,17,0,250,166,85,0,9,180,175,2,137,37.43169398907104,0.0,2.459016393442623,49.18032786885246,47.81420765027322,0.546448087431694,0500000US06037,"Los Angeles County, California",6917487,80.9,36.0,8033368,7.3,90112,128770,45792,13.7,8.2,Q3,False
California,Los Angeles,2021,365,9,259,70,26,1,0,281,143,79,0,13,148,199,5,97,26.575342465753426,0.0,3.5616438356164384,40.54794520547945,54.52054794520548,1.36986301369863,0500000US06037,"Los Angeles County, California",6917487,80.9,36.0,8033368,7.3,90112,128770,45792,13.7,8.2,Q3,False
California,Los Angeles,2022,365,17,254,65,28,1,0,209,140,74,0,19,170,167,9,94,25.753424657534246,0.0,5.205479452054795,46.57534246575342,45.75342465753425,2.4657534246575343,0500000US06037,"Los Angeles County, California",6917487,80.9,36.0,8033368,7.3,90112,128770,45792,13.7,8.2,Q3,False
California,Los Angeles,2023,365,41,237,52,32,3,0,210,147,67,0,5,150,203,7,87,23.835616438356162,0.0,1.36986301369863,41.0958904109589,55.61643835616439,1.9178082191780823,0500000US06037,"Los Angeles County, California",6917487,80.9,36.0,8033368,7.3,90112,128770,45792,13.7,8.2,Q3,False
California,Los Angeles,2024,366,38,195,78,46,9,0,230,164,80,0,1,198,158,9,133,36.33879781420765,0.0,0.273224043715847,54.09836065573771,43.169398907103826,2.459016393442623,0500000US06037,"Los Angeles County, California",6917487,80.9,36.0,8033368,7.3,90112,128770,45792,13.7,8.2,Q3,False
California,Madera,2020,366,104,209,34,15,4,0,275,113,64,0,0,173,174,19,53,14.48087431693989,0.0,0.0,47.26775956284153,47.540983606557376,5.191256830601093,0500000US06039,"Madera County, California",101462,73.1,17.9,122555,10.1,76627,100809,30077,19.2,7.4,Q2,True
California,Madera,2021,365,133,197,28,7,0,0,194,100,58,0,0,210,131,24,35,9.58904109589041,0.0,0.0,57.534246575342465,35.89041095890411,6.575342465753424,0500000US06039,"Madera County, California",101462,73.1,17.9,122555,10.1,76627,100809,30077,19.2,7.4,Q2,True
California,Madera,2022,365,147,205,13,0,0,0,136,87,54,0,0,212,129,24,13,3.5616438356164384,0.0,0.0,58.082191780821915,35.342465753424655,6.575342465753424,0500000US06039,"Madera County, California",101462,73.1,17.9,122555,10.1,76627,100809,30077,19.2,7.4,Q2,True
California,Madera,2023,365,162,188,14,1,0,0,151,84,52,0,0,210,135,20,15,4.10958904109589,0.0,0.0,57.534246575342465,36.986301369863014,5.47945205479452,0500000US06039,"Madera County, California",101462,73.1,17.9,122555,10.1,76627,100809,30077,19.2,7.4,Q2,True
California,Madera,2024,366,163,178,25,0,0,0,140,96,52,0,0,215,112,39,25,6.830601092896176,0.0,0.0,58.7431693989071,30.601092896174865,10.655737704918032,0500000US06039,"Madera County, California",101462,73.1,17.9,122555,10.1,76627,100809,30077,19.2,7.4,Q2,True
California,Marin,2020,366,272,85,4,4,1,0,231,62,36,0,8,148,210,0,9,2.459016393442623,0.0,2.185792349726776,40.43715846994536,57.377049180327866,0.0,0500000US06041,"Marin County, California",189753,92.8,61.1,214754,6.1,149091,232566,93920,8.3,3.8,Q4 highest income,False
California,Marin,2021,365,267,98,0,0,0,0,88,60,38,0,2,149,214,0,0,0.0,0.0,0.547945205479452,40.821917808219176,58.63013698630137,0.0,0500000US06041,"Marin County, California",189753,92.8,61.1,214754,6.1,149091,232566,93920,8.3,3.8,Q4 highest income,False
California,Marin,2022,365,275,90,0,0,0,0,91,57,37,0,2,151,212,0,0,0.0,0.0,0.547945205479452,41.369863013698634,58.082191780821915,0.0,0500000US06041,"Marin County, California",189753,92.8,61.1,214754,6.1,149091,232566,93920,8.3,3.8,Q4 highest income,False
California,Marin,2023,363,315,48,0,0,0,0,99,52,34,0,3,212,147,1,0,0.0,0.0,0.8264462809917356,58.40220385674931,40.49586776859504,0.27548209366391185,0500000US06041,"Marin County, California",189753,92.8,61.1,214754,6.1,149091,232566,93920,8.3,3.8,Q4 highest income,False
California,Marin,2024,357,308,49,0,0,0,0,86,52,28,0,3,47,307,0,0,0.0,0.0,0.8403361344537815,13.165266106442578,85.99439775910365,0.0,0500000US06041,"Marin County, California",189753,92.8,61.1,214754,6.1,149091,232566,93920,8.3,3.8,Q4 highest income,False
California,Mariposa,2020,366,195,123,27,10,6,5,1073,111,49,0,0,275,84,7,48,13.114754098360656,0.0,0.0,75.13661202185791,22.950819672131146,1.912568306010929,0500000US06043,"Mariposa County, California",13344,90.3,31.8,14532,6.0,68412,89438,41417,14.0,5.2,Q2,True
California,Mariposa,2021,365,193,140,25,7,0,0,162,97,49,0,0,292,73,0,32,8.767123287671232,0.0,0.0,80.0,20.0,0.0,0500000US06043,"Mariposa County, California",13344,90.3,31.8,14532,6.0,68412,89438,41417,14.0,5.2,Q2,True
California,Mariposa,2022,365,211,125,8,21,0,0,198,89,48,0,0,276,88,1,29,7.9452054794520555,0.0,0.0,75.61643835616438,24.10958904109589,0.273972602739726,0500000US06043,"Mariposa County, California",13344,90.3,31.8,14532,6.0,68412,89438,41417,14.0,5.2,Q2,True
California,Mariposa,2023,365,217,131,10,5,2,0,264,77,47,0,0,249,116,0,17,4.657534246575342,0.0,0.0,68.21917808219177,31.780821917808222,0.0,0500000US06043,"Mariposa County, California",13344,90.3,31.8,14532,6.0,68412,89438,41417,14.0,5.2,Q2,True
California,Mariposa,2024,366,255,105,6,0,0,0,133,74,45,0,0,336,30,0,6,1.639344262295082,0.0,0.0,91.80327868852459,8.19672131147541,0.0,0500000US06043,"Mariposa County, California",13344,90.3,31.8,14532,6.0,68412,89438,41417,14.0,5.2,Q2,True
California,Mendocino,2020,366,240,103,10,10,0,3,716,79,40,0,0,112,252,2,23,6.284153005464481,0.0,0.0,30.601092896174865,68.85245901639344,0.546448087431694,0500000US06045,"Mendocino County, California",65093,87.3,25.2,73513,9.0,68092,95438,38760,15.4,7.7,Q1 lowest income,True
California,Mendocino,2021,365,210,147,6,2,0,0,185,69,46,0,0,76,289,0,8,2.191780821917808,0.0,0.0,20.82191780821918,79.17808219178082,0.0,0500000US06045,"Mendocino County, California",65093,87.3,25.2,73513,9.0,68092,95438,38760,15.4,7.7,Q1 lowest income,True
California,Mendocino,2022,365,129,234,2,0,0,0,103,69,54,0,0,26,339,0,2,0.547945205479452,0.0,0.0,7.123287671232877,92.87671232876711,0.0,0500000US06045,"Mendocino County, California",65093,87.3,25.2,73513,9.0,68092,95438,38760,15.4,7.7,Q1 lowest income,True
California,Mendocino,2023,365,144,216,5,0,0,0,140,69,53,0,0,29,336,0,5,1.36986301369863,0.0,0.0,7.9452054794520555,92.05479452054794,0.0,0500000US06045,"Mendocino County, California",65093,87.3,25.2,73513,9.0,68092,95438,38760,15.4,7.7,Q1 lowest income,True
California,Mendocino,2024,366,244,122,0,0,0,0,83,57,43,0,0,99,265,2,0,0.0,0.0,0.0,27.049180327868854,72.40437158469946,0.546448087431694,0500000US06045,"Mendocino County, California",65093,87.3,25.2,73513,9.0,68092,95438,38760,15.4,7.7,Q1 lowest income,True
California,Merced,2020,366,131,203,17,15,0,0,194,96,57,0,0,164,201,1,32,8.743169398907105,0.0,0.0,44.80874316939891,54.91803278688525,0.273224043715847,0500000US06047,"Merced County, California",174127,72.3,15.3,217521,10.6,65510,87781,28030,19.1,8.1,Q1 lowest income,True
California,Merced,2021,365,155,177,31,2,0,0,166,100,54,0,0,210,151,4,33,9.04109589041096,0.0,0.0,57.534246575342465,41.369863013698634,1.095890410958904,0500000US06047,"Merced County, California",174127,72.3,15.3,217521,10.6,65510,87781,28030,19.1,8.1,Q1 lowest income,True
California,Merced,2022,365,140,212,13,0,0,0,143,87,56,0,0,195,141,29,13,3.5616438356164384,0.0,0.0,53.42465753424658,38.63013698630137,7.9452054794520555,0500000US06047,"Merced County, California",174127,72.3,15.3,217521,10.6,65510,87781,28030,19.1,8.1,Q1 lowest income,True
California,Merced,2023,365,171,179,15,0,0,0,129,87,51,0,0,220,131,14,15,4.10958904109589,0.0,0.0,60.273972602739725,35.89041095890411,3.8356164383561646,0500000US06047,"Merced County, California",174127,72.3,15.3,217521,10.6,65510,87781,28030,19.1,8.1,Q1 lowest income,True
California,Merced,2024,366,168,163,34,1,0,0,151,100,52,0,0,237,110,19,35,9.562841530054644,0.0,0.0,64.75409836065575,30.05464480874317,5.191256830601093,0500000US06047,"Merced County, California",174127,72.3,15.3,217521,10.6,65510,87781,28030,19.1,8.1,Q1 lowest income,True
California,Mono,2020,366,183,117,13,14,11,28,2088,224,51,0,0,0,331,35,66,18.0327868852459,0.0,0.0,0.0,90.43715846994536,9.562841530054644,0500000US06051,"Mono County, California",10217,88.8,32.2,11018,3.1,99415,123063,54872,8.6,8.8,Q3,False
California,Mono,2021,364,260,78,12,11,0,3,2971,84,27,0,0,0,241,123,26,7.142857142857142,0.0,0.0,0.0,66.20879120879121,33.791208791208796,0500000US06051,"Mono County, California",10217,88.8,32.2,11018,3.1,99415,123063,54872,8.6,8.8,Q3,False
California,Mono,2022,365,276,61,5,7,1,15,8368,68,27,0,0,0,255,110,28,7.671232876712329,0.0,0.0,0.0,69.86301369863014,30.136986301369863,0500000US06051,"Mono County, California",10217,88.8,32.2,11018,3.1,99415,123063,54872,8.6,8.8,Q3,False
California,Mono,2023,365,325,35,1,1,0,3,1829,51,24,0,0,0,234,131,5,1.36986301369863,0.0,0.0,0.0,64.10958904109589,35.89041095890411,0500000US06051,"Mono County, California",10217,88.8,32.2,11018,3.1,99415,123063,54872,8.6,8.8,Q3,False
California,Mono,2024,366,341,25,0,0,0,0,69,45,19,0,0,0,210,156,0,0.0,0.0,0.0,0.0,57.377049180327866,42.62295081967213,0500000US06051,"Mono County, California",10217,88.8,32.2,11018,3.1,99415,123063,54872,8.6,8.8,Q3,False
California,Monterey,2020,366,259,92,4,8,3,0,275,64,39,0,0,171,171,24,15,4.098360655737705,0.0,0.0,46.72131147540984,46.72131147540984,6.557377049180328,0500000US06053,"Monterey County, California",281390,73.3,28.2,338030,5.2,97230,131486,40422,12.7,9.6,Q3,False
California,Monterey,2021,365,261,104,0,0,0,0,80,57,41,0,0,161,194,10,0,0.0,0.0,0.0,44.109589041095894,53.15068493150685,2.73972602739726,0500000US06053,"Monterey County, California",281390,73.3,28.2,338030,5.2,97230,131486,40422,12.7,9.6,Q3,False
California,Monterey,2022,365,299,66,0,0,0,0,80,54,39,0,0,198,144,23,0,0.0,0.0,0.0,54.24657534246575,39.45205479452055,6.301369863013699,0500000US06053,"Monterey County, California",281390,73.3,28.2,338030,5.2,97230,131486,40422,12.7,9.6,Q3,False
California,Monterey,2023,365,274,90,1,0,0,0,115,55,42,0,0,146,212,7,1,0.273972602739726,0.0,0.0,40.0,58.082191780821915,1.9178082191780823,0500000US06053,"Monterey County, California",281390,73.3,28.2,338030,5.2,97230,131486,40422,12.7,9.6,Q3,False
California,Monterey,2024,366,292,74,0,0,0,0,71,55,39,0,0,185,163,18,0,0.0,0.0,0.0,50.54644808743169,44.53551912568306,4.918032786885246,0500000US06053,"Monterey County, California",281390,73.3,28.2,338030,5.2,97230,131486,40422,12.7,9.6,Q3,False
California,Napa,2020,365,259,91,7,7,1,0,224,66,39,3,0,163,199,0,15,4.10958904109589,0.821917808219178,0.0,44.657534246575345,54.52054794520548,0.0,0500000US06055,"Napa County, California",97520,85.1,39.8,112410,5.2,111471,161672,61040,8.5,5.7,Q4 highest income,False
California,Napa,2021,140,108,32,0,0,0,0,77,56,41,1,0,74,65,0,0,0.0,0.7142857142857143,0.0,52.85714285714286,46.42857142857143,0.0,0500000US06055,"Napa County, California",97520,85.1,39.8,112410,5.2,111471,161672,61040,8.5,5.7,Q4 highest income,False
California,Nevada,2020,366,223,111,15,11,6,0,277,91,46,0,0,173,193,0,32,8.743169398907105,0.0,0.0,47.26775956284153,52.732240437158474,0.0,0500000US06057,"Nevada County, California",79518,94.8,41.5,87139,5.4,89882,124444,53364,11.0,5.3,Q3,False
California,Nevada,2021,365,183,129,34,13,4,2,326,115,50,0,0,208,157,0,53,14.520547945205479,0.0,0.0,56.986301369863014,43.013698630136986,0.0,0500000US06057,"Nevada County, California",79518,94.8,41.5,87139,5.4,89882,124444,53364,11.0,5.3,Q3,False
California,Nevada,2022,365,185,161,11,3,5,0,293,87,50,0,0,258,107,0,19,5.205479452054795,0.0,0.0,70.68493150684931,29.315068493150687,0.0,0500000US06057,"Nevada County, California",79518,94.8,41.5,87139,5.4,89882,124444,53364,11.0,5.3,Q3,False
California,Nevada,2023,363,282,81,0,0,0,0,97,55,42,0,0,106,257,0,0,0.0,0.0,0.0,29.201101928374655,70.79889807162535,0.0,0500000US06057,"Nevada County, California",79518,94.8,41.5,87139,5.4,89882,124444,53364,11.0,5.3,Q3,False
California,Nevada,2024,365,313,50,2,0,0,0,132,55,36,0,0,134,231,0,2,0.547945205479452,0.0,0.0,36.71232876712329,63.287671232876704,0.0,0500000US06057,"Nevada County, California",79518,94.8,41.5,87139,5.4,89882,124444,53364,11.0,5.3,Q3,False
California,Orange,2020,366,118,207,28,11,2,0,218,108,56,0,4,153,207,2,41,11.202185792349727,0.0,1.092896174863388,41.80327868852459,56.557377049180324,0.546448087431694,0500000US06059,"Orange County, California",2217917,87.1,44.1,2584525,5.4,116289,156759,54557,9.5,6.4,Q4 highest income,False
California,Orange,2021,365,109,238,18,0,0,0,148,87,55,0,5,124,232,4,18,4.931506849315069,0.0,1.36986301369863,33.97260273972603,63.561643835616444,1.095890410958904,0500000US06059,"Orange County, California",2217917,87.1,44.1,2584525,5.4,116289,156759,54557,9.5,6.4,Q4 highest income,False
California,Orange,2022,365,143,215,5,2,0,0,156,71,53,0,9,133,217,6,7,1.9178082191780823,0.0,2.4657534246575343,36.43835616438356,59.45205479452055,1.643835616438356,0500000US06059,"Orange County, California",2217917,87.1,44.1,2584525,5.4,116289,156759,54557,9.5,6.4,Q4 highest income,False
California,Orange,2023,365,160,195,9,1,0,0,166,77,52,0,14,142,204,5,10,2.73972602739726,0.0,3.8356164383561646,38.9041095890411,55.89041095890411,1.36986301369863,0500000US06059,"Orange County, California",2217917,87.1,44.1,2584525,5.4,116289,156759,54557,9.5,6.4,Q4 highest income,False
California,Orange,2024,366,119,231,13,3,0,0,172,84,54,0,11,114,239,2,16,4.371584699453552,0.0,3.0054644808743167,31.147540983606557,65.30054644808743,0.546448087431694,0500000US06059,"Orange County, California",2217917,87.1,44.1,2584525,5.4,116289,156759,54557,9.5,6.4,Q4 highest income,False
California,Placer,2020,366,130,195,20,15,6,0,247,108,57,0,0,181,177,8,41,11.202185792349727,0.0,0.0,49.45355191256831,48.36065573770492,2.185792349726776,0500000US06061,"Placer County, California",297631,95.1,43.2,338996,4.8,115998,150239,57862,6.8,3.2,Q4 highest income,False
California,Placer,2021,365,130,187,30,9,6,3,692,115,58,0,0,220,144,1,48,13.150684931506849,0.0,0.0,60.273972602739725,39.45205479452055,0.273972602739726,0500000US06061,"Placer County, California",297631,95.1,43.2,338996,4.8,115998,150239,57862,6.8,3.2,Q4 highest income,False
California,Placer,2022,365,156,185,15,4,3,2,442,90,54,0,0,241,123,1,24,6.575342465753424,0.0,0.0,66.02739726027397,33.6986301369863,0.273972602739726,0500000US06061,"Placer County, California",297631,95.1,43.2,338996,4.8,115998,150239,57862,6.8,3.2,Q4 highest income,False
California,Placer,2023,365,164,193,8,0,0,0,143,80,52,0,0,245,120,0,8,2.191780821917808,0.0,0.0,67.12328767123287,32.87671232876712,0.0,0500000US06061,"Placer County, California",297631,95.1,43.2,338996,4.8,115998,150239,57862,6.8,3.2,Q4 highest income,False
California,Placer,2024,366,188,151,27,0,0,0,140,93,50,0,0,263,103,0,27,7.377049180327869,0.0,0.0,71.85792349726776,28.142076502732237,0.0,0500000US06061,"Placer County, California",297631,95.1,43.2,338996,4.8,115998,150239,57862,6.8,3.2,Q4 highest income,False
California,Plumas,2020,360,135,175,16,17,10,7,755,146,56,0,0,0,360,0,50,13.88888888888889,0.0,0.0,0.0,100.0,0.0,0500000US06063,"Plumas County, California",15180,93.7,22.5,16480,9.2,66031,96802,43235,10.6,5.8,Q1 lowest income,True
California,Plumas,2021,365,97,184,37,24,16,7,654,170,67,0,0,0,365,0,84,23.013698630136986,0.0,0.0,0.0,100.0,0.0,0500000US06063,"Plumas County, California",15180,93.7,22.5,16480,9.2,66031,96802,43235,10.6,5.8,Q1 lowest income,True
California,Plumas,2022,359,148,182,25,4,0,0,175,96,55,0,0,0,359,0,29,8.07799442896936,0.0,0.0,0.0,100.0,0.0,0500000US06063,"Plumas County, California",15180,93.7,22.5,16480,9.2,66031,96802,43235,10.6,5.8,Q1 lowest income,True
California,Plumas,2023,365,186,168,11,0,0,0,142,87,50,0,0,0,365,0,11,3.0136986301369864,0.0,0.0,0.0,100.0,0.0,0500000US06063,"Plumas County, California",15180,93.7,22.5,16480,9.2,66031,96802,43235,10.6,5.8,Q1 lowest income,True
California,Plumas,2024,366,188,162,7,7,2,0,253,88,48,0,0,0,366,0,16,4.371584699453552,0.0,0.0,0.0,100.0,0.0,0500000US06063,"Plumas County, California",15180,93.7,22.5,16480,9.2,66031,96802,43235,10.6,5.8,Q1 lowest income,True
California,Riverside,2020,366,42,179,98,36,9,2,584,159,87,0,0,211,124,31,145,39.61748633879781,0.0,0.0,57.650273224043715,33.87978142076503,8.469945355191257,0500000US06065,"Riverside County, California",1649835,83.5,25.6,1956326,6.5,93074,118890,38317,10.6,7.7,Q3,False
California,Riverside,2021,365,19,210,89,44,2,1,329,158,89,0,0,191,127,47,136,37.26027397260274,0.0,0.0,52.32876712328767,34.794520547945204,12.876712328767123,0500000US06065,"Riverside County, California",1649835,83.5,25.6,1956326,6.5,93074,118890,38317,10.6,7.7,Q3,False
California,Riverside,2022,365,41,198,86,31,2,7,1683,151,77,0,0,196,110,59,126,34.52054794520548,0.0,0.0,53.6986301369863,30.136986301369863,16.164383561643834,0500000US06065,"Riverside County, California",1649835,83.5,25.6,1956326,6.5,93074,118890,38317,10.6,7.7,Q3,False
California,Riverside,2023,365,62,187,73,33,6,4,660,156,79,0,1,207,98,59,116,31.780821917808222,0.0,0.273972602739726,56.71232876712329,26.84931506849315,16.164383561643834,0500000US06065,"Riverside County, California",1649835,83.5,25.6,1956326,6.5,93074,118890,38317,10.6,7.7,Q3,False
California,Riverside,2024,366,43,176,80,60,7,0,213,174,87,0,0,212,115,39,147,40.16393442622951,0.0,0.0,57.92349726775956,31.420765027322407,10.655737704918032,0500000US06065,"Riverside County, California",1649835,83.5,25.6,1956326,6.5,93074,118890,38317,10.6,7.7,Q3,False
California,Sacramento,2020,366,145,185,17,16,3,0,226,100,55,0,0,166,191,9,36,9.836065573770492,0.0,0.0,45.3551912568306,52.18579234972678,2.459016393442623,0500000US06067,"Sacramento County, California",1097404,88.3,34.1,1270246,6.7,92175,118175,43324,12.5,4.9,Q3,False
California,Sacramento,2021,365,146,183,30,4,1,1,381,100,55,0,0,195,166,4,36,9.863013698630137,0.0,0.0,53.42465753424658,45.47945205479452,1.095890410958904,0500000US06067,"Sacramento County, California",1097404,88.3,34.1,1270246,6.7,92175,118175,43324,12.5,4.9,Q3,False
California,Sacramento,2022,365,162,184,17,2,0,0,164,93,53,0,0,200,164,1,19,5.205479452054795,0.0,0.0,54.794520547945204,44.93150684931507,0.273972602739726,0500000US06067,"Sacramento County, California",1097404,88.3,34.1,1270246,6.7,92175,118175,43324,12.5,4.9,Q3,False
California,Sacramento,2023,365,180,173,12,0,0,0,133,86,51,0,0,199,166,0,12,3.287671232876712,0.0,0.0,54.52054794520548,45.47945205479452,0.0,0500000US06067,"Sacramento County, California",1097404,88.3,34.1,1270246,6.7,92175,118175,43324,12.5,4.9,Q3,False
California,Sacramento,2024,366,182,169,15,0,0,0,140,84,51,0,0,193,173,0,15,4.098360655737705,0.0,0.0,52.732240437158474,47.26775956284153,0.0,0500000US06067,"Sacramento County, California",1097404,88.3,34.1,1270246,6.7,92175,118175,43324,12.5,4.9,Q3,False
California,San Benito,2020,366,271,78,8,9,0,0,174,68,41,0,0,241,117,8,17,4.644808743169399,0.0,0.0,65.84699453551912,31.967213114754102,2.185792349726776,0500000US06069,"San Benito County, California",44349,83.4,24.1,52365,5.4,114394,143684,45103,6.7,6.0,Q4 highest income,False
California,San Benito,2021,365,295,70,0,0,0,0,100,55,41,0,0,280,79,6,0,0.0,0.0,0.0,76.71232876712328,21.643835616438356,1.643835616438356,0500000US06069,"San Benito County, California",44349,83.4,24.1,52365,5.4,114394,143684,45103,6.7,6.0,Q4 highest income,False
California,San Benito,2022,365,297,68,0,0,0,0,97,57,42,0,0,299,65,1,0,0.0,0.0,0.0,81.91780821917808,17.80821917808219,0.273972602739726,0500000US06069,"San Benito County, California",44349,83.4,24.1,52365,5.4,114394,143684,45103,6.7,6.0,Q4 highest income,False
California,San Benito,2023,365,316,48,1,0,0,0,111,54,40,0,0,337,26,2,1,0.273972602739726,0.0,0.0,92.32876712328768,7.123287671232877,0.547945205479452,0500000US06069,"San Benito County, California",44349,83.4,24.1,52365,5.4,114394,143684,45103,6.7,6.0,Q4 highest income,False
California,San Benito,2024,366,260,105,1,0,0,0,105,58,43,0,0,218,148,0,1,0.273224043715847,0.0,0.0,59.56284153005464,40.43715846994536,0.0,0500000US06069,"San Benito County, California",44349,83.4,24.1,52365,5.4,114394,143684,45103,6.7,6.0,Q4 highest income,False
California,San Bernardino,2020,366,33,170,76,69,18,0,236,185,93,0,6,219,128,13,163,44.53551912568306,0.0,1.639344262295082,59.83606557377049,34.97267759562842,3.551912568306011,0500000US06071,"San Bernardino County, California",1421562,82.5,23.3,1704344,7.1,85478,109207,34343,13.3,8.0,Q3,False
California,San Bernardino,2021,365,17,202,73,61,11,1,486,172,87,0,7,191,155,12,146,40.0,0.0,1.9178082191780823,52.32876712328767,42.465753424657535,3.287671232876712,0500000US06071,"San Bernardino County, California",1421562,82.5,23.3,1704344,7.1,85478,109207,34343,13.3,8.0,Q3,False
California,San Bernardino,2022,365,23,212,67,56,7,0,225,166,77,0,9,197,142,17,130,35.61643835616438,0.0,2.4657534246575343,53.97260273972603,38.9041095890411,4.657534246575342,0500000US06071,"San Bernardino County, California",1421562,82.5,23.3,1704344,7.1,85478,109207,34343,13.3,8.0,Q3,False
California,San Bernardino,2023,365,50,197,67,44,7,0,214,164,71,0,13,205,137,10,118,32.32876712328767,0.0,3.5616438356164384,56.16438356164384,37.534246575342465,2.73972602739726,0500000US06071,"San Bernardino County, California",1421562,82.5,23.3,1704344,7.1,85478,109207,34343,13.3,8.0,Q3,False
California,San Bernardino,2024,366,40,182,56,61,26,1,593,185,87,0,7,218,123,18,144,39.34426229508197,0.0,1.912568306010929,59.56284153005464,33.60655737704918,4.918032786885246,0500000US06071,"San Bernardino County, California",1421562,82.5,23.3,1704344,7.1,85478,109207,34343,13.3,8.0,Q3,False
California,San Diego,2020,366,33,284,35,14,0,0,192,108,74,0,0,100,263,3,49,13.387978142076504,0.0,0.0,27.322404371584703,71.85792349726776,0.819672131147541,0500000US06073,"San Diego County, California",2281385,89.1,43.2,2680294,6.1,106268,141250,51976,10.3,6.4,Q4 highest income,False
California,San Diego,2021,365,52,297,16,0,0,0,133,90,67,0,0,163,199,3,16,4.383561643835616,0.0,0.0,44.657534246575345,54.52054794520548,0.821917808219178,0500000US06073,"San Diego County, California",2281385,89.1,43.2,2680294,6.1,106268,141250,51976,10.3,6.4,Q4 highest income,False
California,San Diego,2022,365,42,297,25,1,0,0,156,97,63,0,1,150,190,24,26,7.123287671232877,0.0,0.273972602739726,41.0958904109589,52.054794520547944,6.575342465753424,0500000US06073,"San Diego County, California",2281385,89.1,43.2,2680294,6.1,106268,141250,51976,10.3,6.4,Q4 highest income,False
California,San Diego,2023,365,61,260,44,0,0,0,150,101,67,0,1,185,151,28,44,12.054794520547945,0.0,0.273972602739726,50.68493150684932,41.369863013698634,7.671232876712329,0500000US06073,"San Diego County, California",2281385,89.1,43.2,2680294,6.1,106268,141250,51976,10.3,6.4,Q4 highest income,False
California,San Diego,2024,366,47,267,48,4,0,0,161,105,71,0,0,202,151,13,52,14.207650273224044,0.0,0.0,55.19125683060109,41.2568306010929,3.551912568306011,0500000US06073,"San Diego County, California",2281385,89.1,43.2,2680294,6.1,106268,141250,51976,10.3,6.4,Q4 highest income,False
California,San Francisco,2020,366,227,131,3,4,1,0,223,67,42,0,5,118,243,0,8,2.185792349726776,0.0,1.366120218579235,32.240437158469945,66.39344262295081,0.0,0500000US06075,"San Francisco County, California",661758,89.0,60.3,729111,6.1,140970,206854,92289,11.2,3.3,Q4 highest income,False
California,San Francisco,2021,365,255,110,0,0,0,0,86,60,39,0,8,162,195,0,0,0.0,0.0,2.191780821917808,44.38356164383562,53.42465753424658,0.0,0500000US06075,"San Francisco County, California",661758,89.0,60.3,729111,6.1,140970,206854,92289,11.2,3.3,Q4 highest income,False
California,San Francisco,2022,364,260,104,0,0,0,0,88,59,36,2,18,152,192,0,0,0.0,0.5494505494505495,4.945054945054945,41.75824175824176,52.74725274725275,0.0,0500000US06075,"San Francisco County, California",661758,89.0,60.3,729111,6.1,140970,206854,92289,11.2,3.3,Q4 highest income,False
California,San Francisco,2023,365,299,65,1,0,0,0,117,54,32,2,16,171,176,0,1,0.273972602739726,0.547945205479452,4.383561643835616,46.849315068493155,48.21917808219178,0.0,0500000US06075,"San Francisco County, California",661758,89.0,60.3,729111,6.1,140970,206854,92289,11.2,3.3,Q4 highest income,False
California,San Francisco,2024,334,254,80,0,0,0,0,94,56,33,0,8,22,304,0,0,0.0,0.0,2.3952095808383236,6.58682634730539,91.01796407185628,0.0,0500000US06075,"San Francisco County, California",661758,89.0,60.3,729111,6.1,140970,206854,92289,11.2,3.3,Q4 highest income,False
California,San Joaquin,2020,366,162,173,16,13,2,0,215,97,54,0,0,129,223,14,31,8.469945355191257,0.0,0.0,35.24590163934426,60.92896174863388,3.825136612021858,0500000US06077,"San Joaquin County, California",513773,80.9,22.7,613844,7.6,92179,117604,37266,12.4,6.3,Q3,False
California,San Joaquin,2021,365,140,209,15,1,0,0,153,84,55,0,0,114,231,20,16,4.383561643835616,0.0,0.0,31.232876712328768,63.287671232876704,5.47945205479452,0500000US06077,"San Joaquin County, California",513773,80.9,22.7,613844,7.6,92179,117604,37266,12.4,6.3,Q3,False
California,San Joaquin,2022,365,192,164,8,0,1,0,208,86,48,0,0,172,169,24,9,2.4657534246575343,0.0,0.0,47.12328767123288,46.3013698630137,6.575342465753424,0500000US06077,"San Joaquin County, California",513773,80.9,22.7,613844,7.6,92179,117604,37266,12.4,6.3,Q3,False
California,San Joaquin,2023,365,208,148,9,0,0,0,119,78,47,0,0,161,194,10,9,2.4657534246575343,0.0,0.0,44.109589041095894,53.15068493150685,2.73972602739726,0500000US06077,"San Joaquin County, California",513773,80.9,22.7,613844,7.6,92179,117604,37266,12.4,6.3,Q3,False
California,San Joaquin,2024,366,178,177,11,0,0,0,140,79,51,0,0,142,215,9,11,3.0054644808743167,0.0,0.0,38.79781420765027,58.7431693989071,2.459016393442623,0500000US06077,"San Joaquin County, California",513773,80.9,22.7,613844,7.6,92179,117604,37266,12.4,6.3,Q3,False
California,San Luis Obispo,2020,366,161,174,21,7,1,2,334,90,53,0,0,179,181,6,31,8.469945355191257,0.0,0.0,48.90710382513661,49.45355191256831,1.639344262295082,0500000US06079,"San Luis Obispo County, California",190352,92.2,39.8,238275,5.5,97446,131990,51592,12.9,5.7,Q3,False
California,San Luis Obispo,2021,365,154,203,8,0,0,0,133,77,53,0,0,190,167,8,8,2.191780821917808,0.0,0.0,52.054794520547944,45.75342465753425,2.191780821917808,0500000US06079,"San Luis Obispo County, California",190352,92.2,39.8,238275,5.5,97446,131990,51592,12.9,5.7,Q3,False
California,San Luis Obispo,2022,365,117,245,3,0,0,0,115,75,55,0,0,160,203,2,3,0.821917808219178,0.0,0.0,43.83561643835616,55.61643835616439,0.547945205479452,0500000US06079,"San Luis Obispo County, California",190352,92.2,39.8,238275,5.5,97446,131990,51592,12.9,5.7,Q3,False
California,San Luis Obispo,2023,365,207,152,6,0,0,0,122,77,47,0,3,244,115,3,6,1.643835616438356,0.0,0.821917808219178,66.84931506849315,31.506849315068493,0.821917808219178,0500000US06079,"San Luis Obispo County, California",190352,92.2,39.8,238275,5.5,97446,131990,51592,12.9,5.7,Q3,False
California,San Luis Obispo,2024,366,193,163,10,0,0,0,122,80,49,0,0,262,102,2,10,2.73224043715847,0.0,0.0,71.58469945355192,27.86885245901639,0.546448087431694,0500000US06079,"San Luis Obispo County, California",190352,92.2,39.8,238275,5.5,97446,131990,51592,12.9,5.7,Q3,False
California,San Mateo,2020,366,257,99,5,5,0,0,199,64,37,0,11,136,219,0,10,2.73224043715847,0.0,3.0054644808743167,37.15846994535519,59.83606557377049,0.0,0500000US06081,"San Mateo County, California",542805,90.2,53.7,615229,4.8,158855,231822,84288,6.7,3.8,Q4 highest income,False
California,San Mateo,2021,365,290,75,0,0,0,0,90,56,36,0,3,199,163,0,0,0.0,0.0,0.821917808219178,54.52054794520548,44.657534246575345,0.0,0500000US06081,"San Mateo County, California",542805,90.2,53.7,615229,4.8,158855,231822,84288,6.7,3.8,Q4 highest income,False
California,San Mateo,2022,365,267,98,0,0,0,0,85,60,36,0,7,179,179,0,0,0.0,0.0,1.9178082191780823,49.04109589041096,49.04109589041096,0.0,0500000US06081,"San Mateo County, California",542805,90.2,53.7,615229,4.8,158855,231822,84288,6.7,3.8,Q4 highest income,False
California,San Mateo,2023,363,355,8,0,0,0,0,71,41,31,11,41,295,16,0,0,0.0,3.0303030303030303,11.294765840220386,81.26721763085399,4.40771349862259,0.0,0500000US06081,"San Mateo County, California",542805,90.2,53.7,615229,4.8,158855,231822,84288,6.7,3.8,Q4 highest income,False
California,San Mateo,2024,319,281,38,0,0,0,0,73,51,27,3,10,48,258,0,0,0.0,0.9404388714733543,3.1347962382445136,15.047021943573668,80.87774294670847,0.0,0500000US06081,"San Mateo County, California",542805,90.2,53.7,615229,4.8,158855,231822,84288,6.7,3.8,Q4 highest income,False
California,Santa Barbara,2020,366,199,154,9,4,0,0,174,68,48,0,0,156,207,3,13,3.551912568306011,0.0,0.0,42.62295081967213,56.557377049180324,0.819672131147541,0500000US06083,"Santa Barbara County, California",278364,81.9,36.8,355920,6.4,98161,140893,48028,14.7,8.7,Q3,False
California,Santa Barbara,2021,365,240,124,1,0,0,0,101,60,44,0,0,180,184,1,1,0.273972602739726,0.0,0.0,49.31506849315068,50.41095890410959,0.273972602739726,0500000US06083,"Santa Barbara County, California",278364,81.9,36.8,355920,6.4,98161,140893,48028,14.7,8.7,Q3,False
California,Santa Barbara,2022,365,198,167,0,0,0,0,93,60,48,0,0,138,223,4,0,0.0,0.0,0.0,37.80821917808219,61.09589041095891,1.095890410958904,0500000US06083,"Santa Barbara County, California",278364,81.9,36.8,355920,6.4,98161,140893,48028,14.7,8.7,Q3,False
California,Santa Barbara,2023,365,232,133,0,0,0,0,95,59,45,0,0,170,186,9,0,0.0,0.0,0.0,46.57534246575342,50.95890410958904,2.4657534246575343,0500000US06083,"Santa Barbara County, California",278364,81.9,36.8,355920,6.4,98161,140893,48028,14.7,8.7,Q3,False
California,Santa Barbara,2024,366,193,171,2,0,0,0,146,60,49,0,0,162,198,6,2,0.546448087431694,0.0,0.0,44.26229508196721,54.09836065573771,1.639344262295082,0500000US06083,"Santa Barbara County, California",278364,81.9,36.8,355920,6.4,98161,140893,48028,14.7,8.7,Q3,False
California,Santa Clara,2020,366,174,172,11,9,0,0,198,81,52,0,3,107,256,0,20,5.46448087431694,0.0,0.819672131147541,29.23497267759563,69.94535519125684,0.0,0500000US06085,"Santa Clara County, California",1347266,89.3,56.5,1561261,4.9,164281,227007,80312,7.1,3.9,Q4 highest income,False
California,Santa Clara,2021,365,147,211,7,0,0,0,147,72,53,0,0,90,275,0,7,1.9178082191780823,0.0,0.0,24.65753424657534,75.34246575342466,0.0,0500000US06085,"Santa Clara County, California",1347266,89.3,56.5,1561261,4.9,164281,227007,80312,7.1,3.9,Q4 highest income,False
California,Santa Clara,2022,365,188,172,5,0,0,0,119,73,49,0,0,131,234,0,5,1.36986301369863,0.0,0.0,35.89041095890411,64.10958904109589,0.0,0500000US06085,"Santa Clara County, California",1347266,89.3,56.5,1561261,4.9,164281,227007,80312,7.1,3.9,Q4 highest income,False
California,Santa Clara,2023,365,240,121,4,0,0,0,134,63,43,0,2,184,179,0,4,1.095890410958904,0.0,0.547945205479452,50.41095890410959,49.04109589041096,0.0,0500000US06085,"Santa Clara County, California",1347266,89.3,56.5,1561261,4.9,164281,227007,80312,7.1,3.9,Q4 highest income,False
California,Santa Clara,2024,363,201,161,1,0,0,0,111,63,47,0,1,28,334,0,1,0.27548209366391185,0.0,0.27548209366391185,7.7134986225895315,92.01101928374655,0.0,0500000US06085,"Santa Clara County, California",1347266,89.3,56.5,1561261,4.9,164281,227007,80312,7.1,3.9,Q4 highest income,False
California,Santa Cruz,2020,366,261,85,6,10,1,3,624,68,39,0,0,138,228,0,20,5.46448087431694,0.0,0.0,37.704918032786885,62.295081967213115,0.0,0500000US06087,"Santa Cruz County, California",178903,88.6,43.9,222296,6.1,111093,156439,56941,11.6,4.9,Q4 highest income,False
California,Santa Cruz,2021,365,298,67,0,0,0,0,80,54,37,0,0,187,178,0,0,0.0,0.0,0.0,51.23287671232877,48.76712328767123,0.0,0500000US06087,"Santa Cruz County, California",178903,88.6,43.9,222296,6.1,111093,156439,56941,11.6,4.9,Q4 highest income,False
California,Santa Cruz,2022,365,287,78,0,0,0,0,93,56,35,0,0,180,185,0,0,0.0,0.0,0.0,49.31506849315068,50.68493150684932,0.0,0500000US06087,"Santa Cruz County, California",178903,88.6,43.9,222296,6.1,111093,156439,56941,11.6,4.9,Q4 highest income,False
California,Santa Cruz,2023,365,300,64,1,0,0,0,130,53,36,0,0,176,189,0,1,0.273972602739726,0.0,0.0,48.21917808219178,51.78082191780822,0.0,0500000US06087,"Santa Cruz County, California",178903,88.6,43.9,222296,6.1,111093,156439,56941,11.6,4.9,Q4 highest income,False
California,Santa Cruz,2024,366,293,73,0,0,0,0,80,54,39,0,0,117,249,0,0,0.0,0.0,0.0,31.967213114754102,68.0327868852459,0.0,0500000US06087,"Santa Cruz County, California",178903,88.6,43.9,222296,6.1,111093,156439,56941,11.6,4.9,Q4 highest income,False
California,Shasta,2020,366,286,72,6,2,0,0,171,67,41,0,0,325,41,0,8,2.185792349726776,0.0,0.0,88.79781420765028,11.202185792349727,0.0,0500000US06089,"Shasta County, California",128897,92.1,23.8,146829,6.3,72636,98245,39574,13.3,6.5,Q2,True
California,Shasta,2021,365,222,111,15,12,5,0,240,93,46,0,0,271,94,0,32,8.767123287671232,0.0,0.0,74.24657534246575,25.753424657534246,0.0,0500000US06089,"Shasta County, California",128897,92.1,23.8,146829,6.3,72636,98245,39574,13.3,6.5,Q2,True
California,Shasta,2022,365,253,106,6,0,0,0,119,71,45,0,0,303,62,0,6,1.643835616438356,0.0,0.0,83.01369863013699,16.986301369863014,0.0,0500000US06089,"Shasta County, California",128897,92.1,23.8,146829,6.3,72636,98245,39574,13.3,6.5,Q2,True
California,Shasta,2023,365,247,112,5,0,0,1,1435,64,45,0,0,272,93,0,6,1.643835616438356,0.0,0.0,74.52054794520548,25.47945205479452,0.0,0500000US06089,"Shasta County, California",128897,92.1,23.8,146829,6.3,72636,98245,39574,13.3,6.5,Q2,True
California,Shasta,2024,366,268,94,3,0,1,0,232,69,44,0,0,290,76,0,4,1.092896174863388,0.0,0.0,79.23497267759562,20.76502732240437,0.0,0500000US06089,"Shasta County, California",128897,92.1,23.8,146829,6.3,72636,98245,39574,13.3,6.5,Q2,True
California,Siskiyou,2020,366,272,71,10,9,2,2,468,66,39,0,0,210,156,0,23,6.284153005464481,0.0,0.0,57.377049180327866,42.62295081967213,0.0,0500000US06093,"Siskiyou County, California",32155,91.7,23.3,35911,7.9,59095,82222,36529,16.4,6.0,Q1 lowest income,True
California,Siskiyou,2021,364,237,96,7,21,3,0,210,86,43,0,0,178,186,0,31,8.516483516483516,0.0,0.0,48.9010989010989,51.098901098901095,0.0,0500000US06093,"Siskiyou County, California",32155,91.7,23.3,35911,7.9,59095,82222,36529,16.4,6.0,Q1 lowest income,True
California,Siskiyou,2022,362,269,86,2,4,0,1,454,62,41,0,0,203,159,0,7,1.9337016574585635,0.0,0.0,56.07734806629834,43.92265193370166,0.0,0500000US06093,"Siskiyou County, California",32155,91.7,23.3,35911,7.9,59095,82222,36529,16.4,6.0,Q1 lowest income,True
California,Siskiyou,2023,365,270,78,7,6,3,1,320,64,43,0,0,207,158,0,17,4.657534246575342,0.0,0.0,56.71232876712329,43.28767123287671,0.0,0500000US06093,"Siskiyou County, California",32155,91.7,23.3,35911,7.9,59095,82222,36529,16.4,6.0,Q1 lowest income,True
California,Siskiyou,2024,366,284,82,0,0,0,0,94,60,41,0,0,256,110,0,0,0.0,0.0,0.0,69.94535519125684,30.05464480874317,0.0,0500000US06093,"Siskiyou County, California",32155,91.7,23.3,35911,7.9,59095,82222,36529,16.4,6.0,Q1 lowest income,True
California,Solano,2020,366,183,167,9,6,1,0,228,77,51,0,0,125,240,1,16,4.371584699453552,0.0,0.0,34.15300546448087,65.57377049180327,0.273224043715847,0500000US06095,"Solano County, California",315641,88.6,28.8,364721,6.5,100401,126026,45127,10.0,4.8,Q3,False
California,Solano,2021,365,215,147,3,0,0,0,126,66,44,0,0,172,193,0,3,0.821917808219178,0.0,0.0,47.12328767123288,52.87671232876713,0.0,0500000US06095,"Solano County, California",315641,88.6,28.8,364721,6.5,100401,126026,45127,10.0,4.8,Q3,False
California,Solano,2022,365,235,130,0,0,0,0,93,67,43,0,0,197,168,0,0,0.0,0.0,0.0,53.97260273972603,46.02739726027397,0.0,0500000US06095,"Solano County, California",315641,88.6,28.8,364721,6.5,100401,126026,45127,10.0,4.8,Q3,False
California,Solano,2023,365,269,95,1,0,0,0,105,57,40,0,1,242,122,0,1,0.273972602739726,0.0,0.273972602739726,66.3013698630137,33.42465753424658,0.0,0500000US06095,"Solano County, California",315641,88.6,28.8,364721,6.5,100401,126026,45127,10.0,4.8,Q3,False
California,Solano,2024,365,343,22,0,0,0,0,80,46,36,0,2,340,22,1,0,0.0,0.0,0.547945205479452,93.15068493150685,6.027397260273973,0.273972602739726,0500000US06095,"Solano County, California",315641,88.6,28.8,364721,6.5,100401,126026,45127,10.0,4.8,Q3,False
California,Sonoma,2020,366,290,69,1,6,0,0,199,57,36,0,1,166,192,7,7,1.912568306010929,0.0,0.273224043715847,45.3551912568306,52.459016393442624,1.912568306010929,0500000US06097,"Sonoma County, California",354661,88.7,38.5,404334,5.7,104674,142354,56640,8.9,5.1,Q3,False
California,Sonoma,2021,365,283,82,0,0,0,0,89,57,37,0,0,156,203,6,0,0.0,0.0,0.0,42.73972602739726,55.61643835616439,1.643835616438356,0500000US06097,"Sonoma County, California",354661,88.7,38.5,404334,5.7,104674,142354,56640,8.9,5.1,Q3,False
California,Sonoma,2022,365,286,79,0,0,0,0,82,56,36,0,0,194,168,3,0,0.0,0.0,0.0,53.15068493150685,46.02739726027397,0.821917808219178,0500000US06097,"Sonoma County, California",354661,88.7,38.5,404334,5.7,104674,142354,56640,8.9,5.1,Q3,False
California,Sonoma,2023,365,323,40,2,0,0,0,117,51,33,1,0,236,127,1,2,0.547945205479452,0.273972602739726,0.0,64.65753424657534,34.794520547945204,0.273972602739726,0500000US06097,"Sonoma County, California",354661,88.7,38.5,404334,5.7,104674,142354,56640,8.9,5.1,Q3,False
California,Sonoma,2024,366,348,18,0,0,0,0,72,41,19,1,0,44,197,124,0,0.0,0.273224043715847,0.0,12.021857923497267,53.825136612021865,33.87978142076503,0500000US06097,"Sonoma County, California",354661,88.7,38.5,404334,5.7,104674,142354,56640,8.9,5.1,Q3,False
California,Stanislaus,2020,366,131,198,21,16,0,0,195,102,60,0,1,169,182,14,37,10.10928961748634,0.0,0.273224043715847,46.17486338797814,49.72677595628415,3.825136612021858,0500000US06099,"Stanislaus County, California",354367,79.9,19.6,424141,8.0,81468,105867,34849,13.5,5.6,Q2,True
California,Stanislaus,2021,365,84,234,42,5,0,0,172,105,61,0,0,136,225,4,47,12.876712328767123,0.0,0.0,37.26027397260274,61.64383561643836,1.095890410958904,0500000US06099,"Stanislaus County, California",354367,79.9,19.6,424141,8.0,81468,105867,34849,13.5,5.6,Q2,True
California,Stanislaus,2022,365,108,234,22,1,0,0,166,95,57,0,0,128,218,19,23,6.301369863013699,0.0,0.0,35.06849315068493,59.726027397260275,5.205479452054795,0500000US06099,"Stanislaus County, California",354367,79.9,19.6,424141,8.0,81468,105867,34849,13.5,5.6,Q2,True
California,Stanislaus,2023,365,166,176,23,0,0,0,150,93,54,0,0,199,161,5,23,6.301369863013699,0.0,0.0,54.52054794520548,44.109589041095894,1.36986301369863,0500000US06099,"Stanislaus County, California",354367,79.9,19.6,424141,8.0,81468,105867,34849,13.5,5.6,Q2,True
California,Stanislaus,2024,366,166,162,38,0,0,0,150,101,53,0,0,214,136,16,38,10.382513661202186,0.0,0.0,58.46994535519126,37.15846994535519,4.371584699453552,0500000US06099,"Stanislaus County, California",354367,79.9,19.6,424141,8.0,81468,105867,34849,13.5,5.6,Q2,True
California,Sutter,2020,366,162,173,15,13,2,1,356,90,53,0,0,140,222,4,31,8.469945355191257,0.0,0.0,38.25136612021858,60.65573770491803,1.092896174863388,0500000US06101,"Sutter County, California",65188,80.2,20.9,77089,7.2,79704,108245,36107,14.4,6.4,Q2,True
California,Sutter,2021,364,102,240,17,5,0,0,175,90,59,0,0,95,268,1,22,6.043956043956044,0.0,0.0,26.098901098901102,73.62637362637363,0.27472527472527475,0500000US06101,"Sutter County, California",65188,80.2,20.9,77089,7.2,79704,108245,36107,14.4,6.4,Q2,True
California,Sutter,2022,364,154,205,5,0,0,0,119,81,52,0,0,178,186,0,5,1.3736263736263736,0.0,0.0,48.9010989010989,51.098901098901095,0.0,0500000US06101,"Sutter County, California",65188,80.2,20.9,77089,7.2,79704,108245,36107,14.4,6.4,Q2,True
California,Sutter,2023,363,192,168,3,0,0,0,105,69,49,0,0,214,149,0,3,0.8264462809917356,0.0,0.0,58.95316804407713,41.04683195592286,0.0,0500000US06101,"Sutter County, California",65188,80.2,20.9,77089,7.2,79704,108245,36107,14.4,6.4,Q2,True
California,Sutter,2024,366,195,166,5,0,0,0,115,80,49,0,0,220,146,0,5,1.366120218579235,0.0,0.0,60.10928961748634,39.89071038251366,0.0,0500000US06101,"Sutter County, California",65188,80.2,20.9,77089,7.2,79704,108245,36107,14.4,6.4,Q2,True
California,Tehama,2020,366,216,117,12,19,2,0,218,94,46,0,0,214,152,0,33,9.01639344262295,0.0,0.0,58.46994535519126,41.53005464480874,0.0,0500000US06103,"Tehama County, California",44633,87.2,19.3,51339,5.9,63784,93910,36168,15.6,6.6,Q1 lowest income,True
California,Tehama,2021,365,207,122,21,15,0,0,193,100,47,0,0,256,109,0,36,9.863013698630137,0.0,0.0,70.13698630136986,29.863013698630137,0.0,0500000US06103,"Tehama County, California",44633,87.2,19.3,51339,5.9,63784,93910,36168,15.6,6.6,Q1 lowest income,True
California,Tehama,2022,365,245,117,3,0,0,0,108,74,44,0,0,281,84,0,3,0.821917808219178,0.0,0.0,76.98630136986301,23.013698630136986,0.0,0500000US06103,"Tehama County, California",44633,87.2,19.3,51339,5.9,63784,93910,36168,15.6,6.6,Q1 lowest income,True
California,Tehama,2023,365,242,117,6,0,0,0,136,67,44,0,0,285,77,3,6,1.643835616438356,0.0,0.0,78.08219178082192,21.095890410958905,0.821917808219178,0500000US06103,"Tehama County, California",44633,87.2,19.3,51339,5.9,63784,93910,36168,15.6,6.6,Q1 lowest income,True
California,Tehama,2024,366,252,112,2,0,0,0,109,71,43,0,0,280,85,1,2,0.546448087431694,0.0,0.0,76.50273224043715,23.224043715846996,0.273224043715847,0500000US06103,"Tehama County, California",44633,87.2,19.3,51339,5.9,63784,93910,36168,15.6,6.6,Q1 lowest income,True
California,Trinity,2020,343,215,100,12,13,3,0,211,81,36,0,0,0,343,0,28,8.16326530612245,0.0,0.0,0.0,100.0,0.0,0500000US06105,"Trinity County, California",12461,92.2,22.4,13476,8.4,53002,76682,31301,20.7,9.3,Q1 lowest income,True
California,Trinity,2021,328,201,81,4,19,9,14,1217,168,38,0,0,0,328,0,46,14.02439024390244,0.0,0.0,0.0,100.0,0.0,0500000US06105,"Trinity County, California",12461,92.2,22.4,13476,8.4,53002,76682,31301,20.7,9.3,Q1 lowest income,True
California,Trinity,2022,353,227,111,5,5,3,2,342,72,34,0,0,0,353,0,15,4.2492917847025495,0.0,0.0,0.0,100.0,0.0,0500000US06105,"Trinity County, California",12461,92.2,22.4,13476,8.4,53002,76682,31301,20.7,9.3,Q1 lowest income,True
California,Trinity,2023,311,209,93,6,3,0,0,174,65,31,0,0,0,311,0,9,2.8938906752411575,0.0,0.0,0.0,100.0,0.0,0500000US06105,"Trinity County, California",12461,92.2,22.4,13476,8.4,53002,76682,31301,20.7,9.3,Q1 lowest income,True
California,Trinity,2024,357,258,98,1,0,0,0,113,62,31,0,0,0,357,0,1,0.2801120448179272,0.0,0.0,0.0,100.0,0.0,0500000US06105,"Trinity County, California",12461,92.2,22.4,13476,8.4,53002,76682,31301,20.7,9.3,Q1 lowest income,True
California,Tulare,2020,366,52,179,103,30,2,0,225,145,80,0,0,164,190,12,135,36.885245901639344,0.0,0.0,44.80874316939891,51.91256830601093,3.278688524590164,0500000US06107,"Tulare County, California",287690,74.8,16.6,353108,9.3,71300,92173,28185,17.9,8.1,Q2,True
California,Tulare,2021,365,49,182,93,38,2,1,961,154,81,0,0,173,187,5,134,36.71232876712329,0.0,0.0,47.397260273972606,51.23287671232877,1.36986301369863,0500000US06107,"Tulare County, California",287690,74.8,16.6,353108,9.3,71300,92173,28185,17.9,8.1,Q2,True
California,Tulare,2022,365,58,193,106,8,0,0,182,129,77,0,0,192,158,15,114,31.232876712328768,0.0,0.0,52.602739726027394,43.28767123287671,4.10958904109589,0500000US06107,"Tulare County, California",287690,74.8,16.6,353108,9.3,71300,92173,28185,17.9,8.1,Q2,True
California,Tulare,2023,365,94,189,61,19,2,0,242,126,69,0,0,206,154,5,82,22.465753424657535,0.0,0.0,56.43835616438356,42.19178082191781,1.36986301369863,0500000US06107,"Tulare County, California",287690,74.8,16.6,353108,9.3,71300,92173,28185,17.9,8.1,Q2,True
California,Tulare,2024,366,76,179,83,28,0,0,185,147,71,0,0,213,144,9,111,30.327868852459016,0.0,0.0,58.19672131147541,39.34426229508197,2.459016393442623,0500000US06107,"Tulare County, California",287690,74.8,16.6,353108,9.3,71300,92173,28185,17.9,8.1,Q2,True
California,Tuolumne,2020,353,277,71,5,0,0,0,143,64,41,0,0,353,0,0,5,1.41643059490085,0.0,0.0,100.0,0.0,0.0,0500000US06109,"Tuolumne County, California",41675,93.3,24.6,46170,8.2,77404,104076,44142,10.4,5.3,Q2,True
California,Tuolumne,2021,360,295,63,2,0,0,0,136,61,41,0,0,360,0,0,2,0.5555555555555556,0.0,0.0,100.0,0.0,0.0,0500000US06109,"Tuolumne County, California",41675,93.3,24.6,46170,8.2,77404,104076,44142,10.4,5.3,Q2,True
California,Tuolumne,2022,250,237,12,1,0,0,0,108,48,39,0,0,250,0,0,1,0.4,0.0,0.0,100.0,0.0,0.0,0500000US06109,"Tuolumne County, California",41675,93.3,24.6,46170,8.2,77404,104076,44142,10.4,5.3,Q2,True
California,Tuolumne,2023,290,237,51,2,0,0,0,112,61,43,0,0,290,0,0,2,0.6896551724137931,0.0,0.0,100.0,0.0,0.0,0500000US06109,"Tuolumne County, California",41675,93.3,24.6,46170,8.2,77404,104076,44142,10.4,5.3,Q2,True
California,Tuolumne,2024,354,286,64,4,0,0,0,115,67,40,0,0,354,0,0,4,1.1299435028248588,0.0,0.0,100.0,0.0,0.0,0500000US06109,"Tuolumne County, California",41675,93.3,24.6,46170,8.2,77404,104076,44142,10.4,5.3,Q2,True
California,Ventura,2020,366,185,155,21,5,0,0,174,90,50,0,0,239,119,8,26,7.103825136612022,0.0,0.0,65.30054644808743,32.51366120218579,2.185792349726776,0500000US06111,"Ventura County, California",580810,85.1,36.1,678019,5.7,109797,144867,49748,9.3,7.3,Q4 highest income,False
California,Ventura,2021,365,157,198,10,0,0,0,122,80,53,0,0,214,140,11,10,2.73972602739726,0.0,0.0,58.63013698630137,38.35616438356164,3.0136986301369864,0500000US06111,"Ventura County, California",580810,85.1,36.1,678019,5.7,109797,144867,49748,9.3,7.3,Q4 highest income,False
California,Ventura,2022,365,171,183,11,0,0,0,140,80,52,0,1,242,122,0,11,3.0136986301369864,0.0,0.273972602739726,66.3013698630137,33.42465753424658,0.0,0500000US06111,"Ventura County, California",580810,85.1,36.1,678019,5.7,109797,144867,49748,9.3,7.3,Q4 highest income,False
California,Ventura,2023,365,220,133,12,0,0,0,136,80,46,0,0,239,121,5,12,3.287671232876712,0.0,0.0,65.47945205479452,33.15068493150685,1.36986301369863,0500000US06111,"Ventura County, California",580810,85.1,36.1,678019,5.7,109797,144867,49748,9.3,7.3,Q4 highest income,False
California,Ventura,2024,366,191,160,14,1,0,0,176,84,50,0,0,247,116,3,15,4.098360655737705,0.0,0.0,67.4863387978142,31.693989071038253,0.819672131147541,0500000US06111,"Ventura County, California",580810,85.1,36.1,678019,5.7,109797,144867,49748,9.3,7.3,Q4 highest income,False
California,Yolo,2020,366,215,123,14,13,1,0,209,86,45,0,1,168,197,0,28,7.650273224043716,0.0,0.273224043715847,45.90163934426229,53.825136612021865,0.0,0500000US06113,"Yolo County, California",131208,88.6,44.8,182051,6.1,91752,123254,43733,16.7,4.8,Q3,False
California,Yolo,2021,365,242,117,4,2,0,0,159,68,42,0,0,215,149,1,6,1.643835616438356,0.0,0.0,58.9041095890411,40.821917808219176,0.273972602739726,0500000US06113,"Yolo County, California",131208,88.6,44.8,182051,6.1,91752,123254,43733,16.7,4.8,Q3,False
California,Yolo,2022,365,283,80,2,0,0,0,101,64,42,0,0,278,87,0,2,0.547945205479452,0.0,0.0,76.16438356164383,23.835616438356162,0.0,0500000US06113,"Yolo County, California",131208,88.6,44.8,182051,6.1,91752,123254,43733,16.7,4.8,Q3,False
California,Yolo,2023,365,246,117,2,0,0,0,108,65,43,0,0,225,140,0,2,0.547945205479452,0.0,0.0,61.64383561643836,38.35616438356164,0.0,0500000US06113,"Yolo County, California",131208,88.6,44.8,182051,6.1,91752,123254,43733,16.7,4.8,Q3,False
California,Yolo,2024,366,238,127,1,0,0,0,118,63,45,0,0,203,163,0,1,0.273224043715847,0.0,0.0,55.46448087431693,44.53551912568306,0.0,0500000US06113,"Yolo County, California",131208,88.6,44.8,182051,6.1,91752,123254,43733,16.7,4.8,Q3,False
